...1,player_name,position,attempts,completions,comp_pct,pass_yd,pass_td,int,rush_yd,rush_td,fumbles_lost,two_point,fantasy_ppr,weeks_played,calc_fantasy_unfinished,carries,trgt,receptions,rec_yd,rec_td,trgt_share
1,K.Murray,QB,390,259,66.41%,2368,14,7,418,3,2,4,200.52,11,207.52,NA,NA,NA,NA,NA,NA
2,C.McCoy,QB,132,90,68.18%,780,1,3,36,0,0,0,32.8,4,35.8,NA,NA,NA,NA,NA,NA
3,D.Blough,QB,58,38,65.52%,402,2,2,5,0,1,0,18.58,2,20.58,NA,NA,NA,NA,NA,NA
4,T.McSorley,QB,83,45,54.22%,412,0,5,61,0,2,0,8.58,5,13.58,NA,NA,NA,NA,NA,NA
5,J.Conner,RB,NA,NA,NA,NA,NA,NA,782,7,1,0,200.2,13,177.2,183,58,46,300,1,0.0874811463046757
6,E.Benjamin,RB,NA,NA,NA,NA,NA,NA,299,2,0,1,86.3,9,74.3,70,33,24,184,0,0.0497737556561086
7,C.Clement,RB,NA,NA,NA,NA,NA,NA,55,1,0,0,21.9,4,19.4,15,7,5,54,0,0.0105580693815988
8,D.Williams,RB,NA,NA,NA,NA,NA,NA,102,1,0,0,21.1,5,19.1,21,8,4,9,0,0.0120663650075415
9,K.Ingram,RB,NA,NA,NA,NA,NA,NA,60,1,0,0,18.1,10,16.1,27,5,4,21,0,0.00754147812971342
10,T.Williams,RB,NA,NA,NA,NA,NA,NA,0,0,0,0,1.5,1,1,0,1,1,5,0,0.00150829562594268
11,Z.Ertz,TE,NA,NA,NA,NA,NA,NA,0,0,0,2,115.6,10,92.1,0,69,47,406,4,0.104072398190045
12,T.McBride,TE,NA,NA,NA,NA,NA,NA,0,0,0,0,61.5,9,47,0,39,29,265,1,0.0588235294117647
13,M.Williams,TE,NA,NA,NA,NA,NA,NA,0,0,0,0,4.8,2,3.3,0,3,3,18,0,0.00452488687782805
14,S.Anderson,TE,NA,NA,NA,NA,NA,NA,0,0,0,0,3.9,5,2.4,0,7,3,9,0,0.0105580693815988
15,M.Brown,WR,NA,NA,NA,NA,NA,NA,1,0,0,0,156,12,122.5,1,107,67,709,3,0.161387631975867
16,D.Hopkins,WR,NA,NA,NA,NA,NA,NA,0,0,1,0,151.7,9,119.7,0,96,64,717,3,0.144796380090498
17,G.Dortch,WR,NA,NA,NA,NA,NA,NA,44,0,0,0,115.1,11,89.1,7,64,52,467,2,0.0965309200603318
18,R.Moore,WR,NA,NA,NA,NA,NA,NA,-5,0,0,0,87.9,8,67.4,6,56,41,414,1,0.0844645550527904
19,A.Green,WR,NA,NA,NA,NA,NA,NA,0,0,0,1,61.6,13,49.6,0,47,24,236,2,0.0708898944193062
20,R.Anderson,WR,NA,NA,NA,NA,NA,NA,0,0,0,0,14.6,7,11.1,0,17,7,76,0,0.0256410256410256
21,A.Baccellia,WR,NA,NA,NA,NA,NA,NA,0,0,0,0,11.5,5,8,0,10,7,45,0,0.0150829562594268
22,A.Isabella,WR,NA,NA,NA,NA,NA,NA,0,0,0,0,4.1,2,3.1,0,5,2,21,0,0.00754147812971342
23,P.Cooper,WR,NA,NA,NA,NA,NA,NA,15,0,0,0,4.1,2,3.1,4,2,2,6,0,0.00301659125188537
1,M.Mariota,QB,300,184,61.33%,2219,15,9,438,4,3,2,196.56,13,205.56,NA,NA,NA,NA,NA,NA
2,D.Ridder,QB,115,73,63.48%,708,2,0,64,0,2,0,38.72,4,38.72,NA,NA,NA,NA,NA,NA
3,T.Allgeier,RB,NA,NA,NA,NA,NA,NA,1035,3,0,1,159.4,16,151.4,210,17,16,139,1,0.0409638554216867
4,C.Patterson,RB,NA,NA,NA,NA,NA,NA,695,8,1,0,154.7,13,138.2,144,31,21,122,0,0.0746987951807229
5,C.Huntley,RB,NA,NA,NA,NA,NA,NA,366,1,0,0,44.9,12,43.9,76,2,2,3,0,0.00481927710843374
6,A.Williams,RB,NA,NA,NA,NA,NA,NA,109,1,0,0,36,14,29.5,22,14,13,61,0,0.0337349397590361
7,D.Williams,RB,NA,NA,NA,NA,NA,NA,2,0,0,0,0.2,1,0.2,2,0,0,0,0,0
8,K.Pitts,TE,NA,NA,NA,NA,NA,NA,0,0,0,0,75.6,10,61.6,0,59,28,356,2,0.142168674698795
9,M.Pruitt,TE,NA,NA,NA,NA,NA,NA,0,0,0,0,55,10,47,0,21,16,150,4,0.0506024096385542
10,A.Firkser,TE,NA,NA,NA,NA,NA,NA,0,0,0,0,19,8,14.5,0,13,9,100,0,0.0313253012048193
11,P.Hesse,TE,NA,NA,NA,NA,NA,NA,0,0,0,0,17.9,9,13.4,0,11,9,89,0,0.0265060240963855
12,F.Franks,TE,NA,NA,NA,NA,NA,NA,0,0,0,0,0,2,0,1,2,0,0,0,0.00481927710843374
13,D.London,WR,NA,NA,NA,NA,NA,NA,0,0,3,1,178.6,17,142.6,0,117,72,866,4,0.281927710843373
14,O.Zaccheaus,WR,NA,NA,NA,NA,NA,NA,7,0,1,0,110,16,90,2,61,40,533,3,0.146987951807229
15,D.Byrd,WR,NA,NA,NA,NA,NA,NA,0,0,0,0,51.8,12,45.3,0,23,13,268,2,0.0554216867469879
16,K.Hodge,WR,NA,NA,NA,NA,NA,NA,0,0,0,1,41.2,9,34.7,0,20,13,202,1,0.0481927710843374
17,B.Edwards,WR,NA,NA,NA,NA,NA,NA,0,0,0,0,4.5,4,3,0,5,3,15,0,0.0120481927710843
18,F.Darby,WR,NA,NA,NA,NA,NA,NA,0,0,0,0,2.5,1,2,0,1,1,15,0,0.00240963855421687
19,J.Ali,WR,NA,NA,NA,NA,NA,NA,0,0,0,0,0,1,0,0,1,0,0,0,0.00240963855421687
1,L.Jackson,QB,326,203,62.27%,2242,17,7,764,3,2,1,236.08,12,243.08,NA,NA,NA,NA,NA,NA
2,T.Huntley,QB,112,75,66.96%,658,2,3,137,1,0,1,50.02,5,53.02,NA,NA,NA,NA,NA,NA
3,A.Brown,QB,49,22,44.90%,302,0,2,-5,0,1,0,5.58,2,7.58,NA,NA,NA,NA,NA,NA
4,K.Drake,RB,NA,NA,NA,NA,NA,NA,482,4,0,0,104.1,12,95.6,109,26,17,89,1,0.053388090349076
5,J.Dobbins,RB,NA,NA,NA,NA,NA,NA,520,2,0,0,81.2,8,77.7,92,8,7,42,1,0.0164271047227926
6,G.Edwards,RB,NA,NA,NA,NA,NA,NA,433,3,1,0,59.3,9,59.3,87,2,0,0,0,0.00410677618069815
7,J.Hill,RB,NA,NA,NA,NA,NA,NA,262,0,1,0,42,13,36,49,12,12,58,0,0.0246406570841889
8,M.Davis,RB,NA,NA,NA,NA,NA,NA,18,0,0,0,4.2,5,3.2,8,2,2,4,0,0.00410677618069815
9,M.Andrews,TE,NA,NA,NA,NA,NA,NA,8,0,0,1,190.5,15,154,3,113,73,847,5,0.232032854209446
10,I.Likely,TE,NA,NA,NA,NA,NA,NA,0,0,0,0,91.3,14,73.3,0,60,36,373,3,0.123203285420945
11,J.Oliver,TE,NA,NA,NA,NA,NA,NA,0,0,0,0,40.9,12,33.9,0,25,14,149,2,0.0513347022587269
12,C.Kolar,TE,NA,NA,NA,NA,NA,NA,0,0,0,0,8.9,1,6.9,0,6,4,49,0,0.0123203285420945
13,D.Duvernay,WR,NA,NA,NA,NA,NA,NA,84,1,0,0,116.1,14,91.6,12,49,37,407,3,0.100616016427105
14,D.Robinson,WR,NA,NA,NA,NA,NA,NA,0,0,1,0,103.8,16,79.8,0,75,48,458,2,0.154004106776181
15,R.Bateman,WR,NA,NA,NA,NA,NA,NA,0,0,1,0,53.5,6,46,0,28,15,285,2,0.0574948665297741
16,D.Jackson,WR,NA,NA,NA,NA,NA,NA,0,0,0,0,24.3,7,19.8,0,17,9,153,0,0.0349075975359343
17,S.Watkins,WR,NA,NA,NA,NA,NA,NA,0,0,1,0,12.9,2,11.4,0,5,3,119,0,0.0102669404517454
18,J.Proche,WR,NA,NA,NA,NA,NA,NA,0,0,0,0,12.2,7,10.2,0,17,8,62,0,0.0349075975359343
19,T.Wallace,WR,NA,NA,NA,NA,NA,NA,0,0,0,0,7.3,5,5.3,0,7,4,33,0,0.0143737166324435
20,A.Isabella,WR,NA,NA,NA,NA,NA,NA,1,0,0,0,0.1,1,0.1,1,0,0,0,0,0
1,J.Allen,QB,567,359,63.32%,4283,35,14,762,7,5,2,395.52,16,409.52,NA,NA,NA,NA,NA,NA
2,C.Keenum,QB,7,2,28.57%,8,0,0,0,0,0,0,0.32,2,0.32,NA,NA,NA,NA,NA,NA
3,D.Singletary,RB,NA,NA,NA,NA,NA,NA,819,5,3,0,177.9,16,158.9,177,52,38,280,1,0.0905923344947735
4,J.Cook,RB,NA,NA,NA,NA,NA,NA,507,2,1,0,105.7,16,95.2,89,32,21,180,1,0.0557491289198606
5,N.Hines,RB,NA,NA,NA,NA,NA,NA,-3,0,0,0,28,9,13.5,6,9,5,53,1,0.0156794425087108
6,Z.Moss,RB,NA,NA,NA,NA,NA,NA,91,0,1,0,16.8,5,13.3,17,8,7,27,0,0.0139372822299652
7,D.Johnson,RB,NA,NA,NA,NA,NA,NA,4,0,0,0,0.4,1,0.4,2,0,0,0,0,0
8,D.Knox,TE,NA,NA,NA,NA,NA,NA,0,0,0,0,135.7,15,111.7,0,65,48,517,6,0.113240418118467
9,Q.Morris,TE,NA,NA,NA,NA,NA,NA,0,0,1,0,20.4,6,16.4,0,11,8,84,1,0.0191637630662021
10,T.Sweeney,TE,NA,NA,NA,NA,NA,NA,0,0,0,0,1.7,1,1.2,0,1,1,7,0,0.00174216027874564
11,S.Diggs,WR,NA,NA,NA,NA,NA,NA,-3,0,0,0,316.6,16,262.6,1,154,108,1429,11,0.268292682926829
12,G.Davis,WR,NA,NA,NA,NA,NA,NA,0,0,1,0,171.6,15,147.6,0,93,48,836,7,0.162020905923345
13,I.McKenzie,WR,NA,NA,NA,NA,NA,NA,55,1,0,0,119.8,15,98.8,9,65,42,423,4,0.113240418118467
14,K.Shakir,WR,NA,NA,NA,NA,NA,NA,0,0,0,1,34.1,10,29.1,0,20,10,161,1,0.0348432055749129
15,J.Crowder,WR,NA,NA,NA,NA,NA,NA,0,0,0,0,12,4,9,0,13,6,60,0,0.0226480836236934
16,J.Brown,WR,NA,NA,NA,NA,NA,NA,0,0,0,0,11.2,2,10.7,0,2,1,42,1,0.00348432055749129
17,J.Kumerow,WR,NA,NA,NA,NA,NA,NA,0,0,0,0,10.4,4,8.4,0,7,4,64,0,0.0121951219512195
18,I.Hodgins,WR,NA,NA,NA,NA,NA,NA,0,0,0,0,8.1,1,6.1,0,6,4,41,0,0.0104529616724739
19,C.Beasley,WR,NA,NA,NA,NA,NA,NA,0,0,0,0,3.8,2,2.8,0,2,2,18,0,0.00348432055749129
20,T.Gentry,WR,NA,NA,NA,NA,NA,NA,0,0,0,0,0,1,0,0,1,0,0,0,0.00174216027874564
1,S.Darnold,QB,140,82,58.57%,1143,7,3,106,2,2,0,86.32,6,89.32,NA,NA,NA,NA,NA,NA
2,B.Mayfield,QB,206,119,57.77%,1313,6,6,52,1,1,0,73.72,7,79.72,NA,NA,NA,NA,NA,NA
3,P.Walker,QB,106,63,59.43%,731,3,3,39,0,0,0,39.14,6,42.14,NA,NA,NA,NA,NA,NA
4,J.Eason,QB,5,3,60.00%,59,0,1,0,0,0,0,0.36,1,1.36,NA,NA,NA,NA,NA,NA
5,D.Foreman,RB,NA,NA,NA,NA,NA,NA,914,5,0,1,131,16,128.5,203,9,5,26,0,0.0196936542669584
6,C.McCaffrey,RB,NA,NA,NA,NA,NA,NA,393,2,0,0,118,6,101.5,85,43,33,277,1,0.0940919037199125
7,C.Hubbard,RB,NA,NA,NA,NA,NA,NA,466,2,0,0,89.7,12,82.7,95,17,14,171,0,0.037199124726477
8,R.Blackshear,RB,NA,NA,NA,NA,NA,NA,77,3,0,0,45,10,40,23,12,10,93,0,0.0262582056892779
9,S.Brown,RB,NA,NA,NA,NA,NA,NA,43,0,0,0,7.3,2,6.3,9,4,2,10,0,0.0087527352297593
10,T.Tremble,TE,NA,NA,NA,NA,NA,NA,0,0,0,0,54.4,14,44.9,0,32,19,174,3,0.0700218818380744
11,I.Thomas,TE,NA,NA,NA,NA,NA,NA,0,0,0,0,40.7,13,30.2,0,30,21,197,0,0.0656455142231947
12,G.Ricci,TE,NA,NA,NA,NA,NA,NA,0,0,0,0,18,6,14,0,9,8,100,0,0.0196936542669584
13,S.Sullivan,TE,NA,NA,NA,NA,NA,NA,0,0,0,0,6.6,4,5.6,0,6,2,46,0,0.0131291028446389
14,D.Moore,WR,NA,NA,NA,NA,NA,NA,53,0,0,0,199.1,17,167.6,10,118,63,888,7,0.258205689277899
15,T.Marshall,WR,NA,NA,NA,NA,NA,NA,0,0,0,0,83,13,69,0,47,28,490,1,0.102844638949672
16,L.Shenault,WR,NA,NA,NA,NA,NA,NA,65,1,0,0,72.7,13,59.2,9,32,27,272,1,0.0700218818380744
17,S.Smith,WR,NA,NA,NA,NA,NA,NA,0,0,1,0,61.6,15,50.6,0,41,22,296,2,0.0897155361050328
18,R.Anderson,WR,NA,NA,NA,NA,NA,NA,0,0,1,0,37.6,5,31.1,0,27,13,206,1,0.0590809628008753
1,J.Fields,QB,318,192,60.38%,2242,17,11,1143,8,2,1,295.98,15,306.98,NA,NA,NA,NA,NA,NA
2,T.Siemian,QB,26,15,57.69%,184,1,1,8,0,0,0,10.16,2,11.16,NA,NA,NA,NA,NA,NA
3,N.Peterman,QB,25,14,56.00%,139,1,1,7,0,0,0,8.26,3,9.26,NA,NA,NA,NA,NA,NA
4,T.Boyle,QB,8,2,25.00%,33,0,2,-2,0,0,0,-2.88,1,-0.88,NA,NA,NA,NA,NA,NA
5,D.Montgomery,RB,NA,NA,NA,NA,NA,NA,801,5,2,0,177.7,16,160.7,201,40,34,316,1,0.106100795755968
6,K.Herbert,RB,NA,NA,NA,NA,NA,NA,731,4,0,0,117.8,13,113.3,129,12,9,57,1,0.0318302387267905
7,D.Evans,RB,NA,NA,NA,NA,NA,NA,64,0,0,0,10.7,3,10.2,14,1,1,33,0,0.0026525198938992
8,T.Ebner,RB,NA,NA,NA,NA,NA,NA,54,0,0,0,7,7,6.5,24,7,1,6,0,0.0185676392572944
9,C.Kmet,TE,NA,NA,NA,NA,NA,NA,9,0,0,0,147.3,17,122.3,2,69,50,544,7,0.183023872679045
10,R.Griffin,TE,NA,NA,NA,NA,NA,NA,0,0,0,0,6.6,7,4.6,0,8,4,26,0,0.0212201591511936
11,T.Wesco,TE,NA,NA,NA,NA,NA,NA,0,0,0,1,6.6,4,5.6,0,4,2,26,0,0.0106100795755968
12,J.Tonges,TE,NA,NA,NA,NA,NA,NA,0,0,0,0,0,1,0,0,1,0,0,0,0.0026525198938992
13,D.Mooney,WR,NA,NA,NA,NA,NA,NA,2,0,0,0,101.5,11,81.5,1,61,40,493,2,0.161803713527851
14,D.Pettis,WR,NA,NA,NA,NA,NA,NA,37,0,0,0,65.2,14,55.7,2,41,19,245,3,0.108753315649867
15,E.St. Brown,WR,NA,NA,NA,NA,NA,NA,54,0,1,0,63.9,16,52.9,6,39,22,325,1,0.103448275862069
16,V.Jones,WR,NA,NA,NA,NA,NA,NA,103,1,1,0,38,9,34.5,9,14,7,107,1,0.0371352785145889
17,B.Pringle,WR,NA,NA,NA,NA,NA,NA,0,0,0,0,35.5,8,30.5,0,16,10,135,2,0.0424403183023873
18,C.Claypool,WR,NA,NA,NA,NA,NA,NA,4,0,1,0,26.4,7,19.4,1,29,14,140,0,0.0769230769230769
19,N.Harry,WR,NA,NA,NA,NA,NA,NA,0,0,0,0,24.6,6,21.1,0,9,7,116,1,0.0238726790450928
20,N.Webster,WR,NA,NA,NA,NA,NA,NA,0,0,0,0,3.4,1,2.4,0,3,2,14,0,0.00795755968169761
21,I.Smith-Marsette,WR,NA,NA,NA,NA,NA,NA,-1,0,1,0,0.4,3,-0.1,1,4,1,15,0,0.0106100795755968
1,J.Burrow,QB,606,414,68.32%,4475,35,12,257,5,3,3,350.7,16,362.7,NA,NA,NA,NA,NA,NA
2,B.Allen,QB,3,3,100.00%,22,0,0,-1,0,0,0,0.78,1,0.78,NA,NA,NA,NA,NA,NA
3,J.Mixon,RB,NA,NA,NA,NA,NA,NA,814,7,0,0,239.5,14,209.5,210,75,60,441,2,0.123152709359606
4,S.Perine,RB,NA,NA,NA,NA,NA,NA,394,2,0,0,142.1,16,123.1,95,51,38,287,4,0.083743842364532
5,C.Evans,RB,NA,NA,NA,NA,NA,NA,0,0,0,0,12.8,4,11.3,0,4,3,38,1,0.00656814449917898
6,T.Williams,RB,NA,NA,NA,NA,NA,NA,30,0,0,0,8,4,7,6,3,2,30,0,0.00492610837438424
7,H.Hurst,TE,NA,NA,NA,NA,NA,NA,0,0,0,0,105.4,13,79.4,0,68,52,414,2,0.111658456486043
8,M.Wilcox,TE,NA,NA,NA,NA,NA,NA,0,0,0,0,36.9,9,28.4,0,18,17,139,1,0.0295566502463054
9,D.Asiasi,TE,NA,NA,NA,NA,NA,NA,0,0,0,0,2.5,3,1.5,0,4,2,5,0,0.00656814449917898
10,D.Sample,TE,NA,NA,NA,NA,NA,NA,0,0,0,0,1.8,2,0.8,0,2,2,-2,0,0.00328407224958949
11,J.Chase,WR,NA,NA,NA,NA,NA,NA,8,0,2,0,242.4,12,198.9,5,134,87,1046,9,0.220032840722496
12,T.Higgins,WR,NA,NA,NA,NA,NA,NA,0,0,0,1,220.9,14,183.9,0,109,74,1029,7,0.178981937602627
13,T.Boyd,WR,NA,NA,NA,NA,NA,NA,0,0,0,1,167.12,16,137.2,0,82,58,762,5,0.134646962233169
14,T.Irwin,WR,NA,NA,NA,NA,NA,NA,11,0,0,0,63.2,9,55.7,1,23,15,231,4,0.0377668308702791
15,T.Taylor,WR,NA,NA,NA,NA,NA,NA,15,0,0,0,13.7,6,10.7,4,10,6,62,0,0.0164203612479475
16,M.Thomas,WR,NA,NA,NA,NA,NA,NA,0,0,0,1,7.8,4,6.8,0,10,2,38,0,0.0164203612479475
17,S.Morgan,WR,NA,NA,NA,NA,NA,NA,0,0,0,0,0,1,0,0,1,0,0,0,0.00164203612479475
1,J.Brissett,QB,369,236,63.96%,2608,12,6,243,2,4,0,168.62,14,174.62,NA,NA,NA,NA,NA,NA
2,D.Watson,QB,170,99,58.24%,1102,7,5,175,1,0,0,85.58,6,90.58,NA,NA,NA,NA,NA,NA
3,N.Chubb,RB,NA,NA,NA,NA,NA,NA,1525,12,1,1,281.4,17,267.9,302,37,27,239,1,0.0686456400742115
4,K.Hunt,RB,NA,NA,NA,NA,NA,NA,468,3,0,0,126.8,17,109.3,123,44,35,210,1,0.0816326530612245
5,D.Johnson,RB,NA,NA,NA,NA,NA,NA,17,0,0,0,5.4,3,3.9,4,3,3,7,0,0.00556586270871985
6,D.Felton,RB,NA,NA,NA,NA,NA,NA,-4,0,0,0,2.4,4,1.4,1,4,2,8,0,0.00742115027829314
7,J.Ford,RB,NA,NA,NA,NA,NA,NA,12,0,0,0,1.2,2,1.2,8,0,0,0,0,0
8,D.Njoku,TE,NA,NA,NA,NA,NA,NA,-8,0,1,0,142,14,113,2,80,58,628,4,0.148423005565863
9,H.Bryant,TE,NA,NA,NA,NA,NA,NA,8,0,0,0,61.7,14,46.2,1,42,31,239,1,0.0779220779220779
10,P.Brown,TE,NA,NA,NA,NA,NA,NA,0,0,0,0,9.5,4,7,0,10,5,45,0,0.0185528756957328
11,M.Forristall,TE,NA,NA,NA,NA,NA,NA,0,0,0,0,0,1,0,0,1,0,0,0,0.00185528756957328
12,A.Cooper,WR,NA,NA,NA,NA,NA,NA,0,0,0,0,246,17,209,0,132,78,1160,9,0.244897959183673
13,D.Peoples-Jones,WR,NA,NA,NA,NA,NA,NA,2,0,1,0,167.1,17,130.6,1,96,61,839,3,0.178107606679035
14,D.Bell,WR,NA,NA,NA,NA,NA,NA,0,0,0,0,45.4,14,33.4,0,35,24,214,0,0.0649350649350649
15,A.Schwartz,WR,NA,NA,NA,NA,NA,NA,57,1,1,0,18.8,6,16.8,4,10,4,51,0,0.0185528756957328
16,M.Woods,WR,NA,NA,NA,NA,NA,NA,-5,0,0,0,9,6,6.5,1,10,5,45,0,0.0185528756957328
17,D.Baldwin,WR,NA,NA,NA,NA,NA,NA,0,0,0,0,4.5,1,3.5,0,2,2,25,0,0.00371057513914657
1,D.Prescott,QB,394,261,66.24%,2860,23,15,182,1,1,0,198.6,12,213.6,NA,NA,NA,NA,NA,NA
2,C.Rush,QB,162,94,58.02%,1051,5,3,6,0,0,0,56.64,8,59.64,NA,NA,NA,NA,NA,NA
3,T.Pollard,RB,NA,NA,NA,NA,NA,NA,1007,9,0,0,248.8,16,229.3,193,55,39,371,3,0.0989208633093525
4,E.Elliott,RB,NA,NA,NA,NA,NA,NA,876,12,0,0,185.8,15,177.3,231,23,17,92,0,0.0413669064748201
5,M.Davis,RB,NA,NA,NA,NA,NA,NA,161,1,0,0,34.4,6,31.4,38,7,6,63,0,0.012589928057554
6,D.Schultz,TE,NA,NA,NA,NA,NA,NA,0,0,1,0,142.7,15,114.2,0,89,57,577,5,0.160071942446043
7,J.Ferguson,TE,NA,NA,NA,NA,NA,NA,0,0,0,0,48.4,11,38.9,0,22,19,174,2,0.039568345323741
8,P.Hendershot,TE,NA,NA,NA,NA,NA,NA,2,1,0,0,39.5,9,34,1,16,11,103,2,0.0287769784172662
9,S.McKeon,TE,NA,NA,NA,NA,NA,NA,0,0,0,0,3.1,2,2.1,0,3,2,11,0,0.00539568345323741
10,C.Lamb,WR,NA,NA,NA,NA,NA,NA,47,0,0,0,301.6,17,248.1,10,156,107,1359,9,0.280575539568345
11,N.Brown,WR,NA,NA,NA,NA,NA,NA,0,0,1,0,114.5,15,93,0,74,43,555,3,0.133093525179856
12,M.Gallup,WR,NA,NA,NA,NA,NA,NA,0,0,0,0,105.4,14,85.9,0,74,39,424,4,0.133093525179856
13,T.Hilton,WR,NA,NA,NA,NA,NA,NA,0,0,0,0,19.1,3,15.6,0,10,7,121,0,0.0179856115107914
14,S.Fehoko,WR,NA,NA,NA,NA,NA,NA,0,0,0,0,5.4,2,3.9,0,4,3,24,0,0.00719424460431655
15,D.Houston,WR,NA,NA,NA,NA,NA,NA,0,0,0,0,3.6,2,2.6,0,6,2,16,0,0.0107913669064748
16,K.Turpin,WR,NA,NA,NA,NA,NA,NA,17,0,0,0,3.6,5,3.1,3,2,1,9,0,0.00359712230215827
17,J.Tolbert,WR,NA,NA,NA,NA,NA,NA,0,0,0,0,3.2,2,2.2,0,3,2,12,0,0.00539568345323741
18,J.Washington,WR,NA,NA,NA,NA,NA,NA,0,0,0,0,0,1,0,0,1,0,0,0,0.00179856115107914
1,R.Wilson,QB,483,292,60.46%,3524,16,11,277,3,2,0,225.76,15,235.66,NA,NA,NA,NA,NA,NA
2,B.Rypien,QB,88,53,60.23%,483,2,4,7,0,1,0,18.02,4,22.02,NA,NA,NA,NA,NA,NA
3,L.Murray,RB,NA,NA,NA,NA,NA,NA,703,5,0,1,140.7,12,127.7,160,34,26,124,0,0.0595446584938704
4,M.Gordon,RB,NA,NA,NA,NA,NA,NA,318,2,2,0,87.1,10,74.6,90,32,25,223,0,0.0560420315236427
5,J.Williams,RB,NA,NA,NA,NA,NA,NA,204,0,1,0,42,4,34,47,22,16,76,0,0.0385288966725044
6,M.Mack,RB,NA,NA,NA,NA,NA,NA,84,1,0,0,38.3,5,34.3,16,10,8,99,1,0.0175131348511384
7,M.Boone,RB,NA,NA,NA,NA,NA,NA,102,0,0,0,28.8,8,24.3,24,15,9,96,0,0.0262697022767075
8,C.Edmonds,RB,NA,NA,NA,NA,NA,NA,125,0,0,0,24.6,5,21.6,26,7,6,61,0,0.0122591943957968
9,T.Badie,RB,NA,NA,NA,NA,NA,NA,0,0,0,0,9.4,1,8.9,1,1,1,24,1,0.00175131348511384
10,D.Ozigbo,RB,NA,NA,NA,NA,NA,NA,4,0,0,0,1.7,3,1.2,3,1,1,3,0,0.00175131348511384
11,G.Dulcich,TE,NA,NA,NA,NA,NA,NA,0,0,0,0,86.1,10,69.6,0,55,33,411,2,0.0963222416812609
12,E.Saubert,TE,NA,NA,NA,NA,NA,NA,0,0,0,0,35.8,11,28.3,0,24,15,148,1,0.042031523642732
13,E.Tomlinson,TE,NA,NA,NA,NA,NA,NA,0,0,0,0,28.9,8,24.4,0,13,9,79,2,0.0227670753064799
14,A.Okwuegbunam,TE,NA,NA,NA,NA,NA,NA,0,0,0,0,25.5,6,20.5,0,18,10,95,1,0.031523642732049
15,A.Beck,TE,NA,NA,NA,NA,NA,NA,0,0,0,0,11.9,8,9.4,2,11,5,69,0,0.0192644483362522
16,J.Jeudy,WR,NA,NA,NA,NA,NA,NA,40,0,0,0,204.2,15,170.7,4,100,67,972,6,0.175131348511384
17,C.Sutton,WR,NA,NA,NA,NA,NA,NA,5,0,0,0,159.4,15,127.4,1,109,64,829,2,0.190893169877408
18,K.Hinton,WR,NA,NA,NA,NA,NA,NA,13,0,0,0,56.4,11,44.4,2,33,24,311,0,0.0577933450087566
19,K.Hamler,WR,NA,NA,NA,NA,NA,NA,23,0,0,0,25.8,6,22.3,2,14,7,165,0,0.0245183887915937
20,B.Johnson,WR,NA,NA,NA,NA,NA,NA,0,0,0,0,16.2,4,13.2,0,14,6,42,1,0.0245183887915937
21,J.Virgil,WR,NA,NA,NA,NA,NA,NA,0,0,0,0,15.5,4,14.5,0,5,2,75,1,0.00875656742556918
22,F.Swain,WR,NA,NA,NA,NA,NA,NA,0,0,0,0,11.4,3,9.4,0,6,4,74,0,0.010507880910683
23,M.Washington,WR,NA,NA,NA,NA,NA,NA,30,0,0,0,7.2,9,5.2,5,9,4,2,0,0.0157618213660245
24,T.Cleveland,WR,NA,NA,NA,NA,NA,NA,0,0,0,0,4.8,3,3.8,0,7,2,28,0,0.0122591943957968
1,J.Goff,QB,587,382,65.08%,4438,29,7,73,0,4,2,284.32,17,289.82,NA,NA,NA,NA,NA,NA
2,N.Sudfeld,QB,0,0,NA,0,0,0,-4,0,0,0,-0.4,2,-0.4,NA,NA,NA,NA,NA,NA
3,J.Williams,RB,NA,NA,NA,NA,NA,NA,1066,17,2,1,225.9,17,219.9,262,16,12,73,0,0.0272572402044293
4,D.Swift,RB,NA,NA,NA,NA,NA,NA,542,5,0,1,191.1,14,167.1,99,70,48,389,3,0.119250425894378
5,J.Jackson,RB,NA,NA,NA,NA,NA,NA,170,1,0,0,51.1,12,45.1,42,19,12,101,1,0.0323679727427598
6,C.Reynolds,RB,NA,NA,NA,NA,NA,NA,102,0,0,0,30.8,6,26.3,23,10,9,116,0,0.0170357751277683
7,T.Hockenson,TE,NA,NA,NA,NA,NA,NA,0,0,0,1,85.5,7,72.5,0,43,26,395,3,0.0732538330494037
8,B.Wright,TE,NA,NA,NA,NA,NA,NA,0,0,0,0,63.6,13,54.6,0,24,18,216,4,0.0408858603066439
9,S.Zylstra,TE,NA,NA,NA,NA,NA,NA,0,0,0,0,41,8,35.5,0,15,11,60,4,0.0255536626916525
10,J.Mitchell,TE,NA,NA,NA,NA,NA,NA,0,0,0,0,28.3,8,22.8,0,11,11,113,1,0.0187393526405451
11,A.St. Brown,WR,NA,NA,NA,NA,NA,NA,95,0,0,0,267.6,16,214.6,9,146,106,1161,6,0.248722316865417
12,K.Raymond,WR,NA,NA,NA,NA,NA,NA,36,0,1,0,116.2,16,86.7,7,64,47,616,0,0.109028960817717
13,J.Reynolds,WR,NA,NA,NA,NA,NA,NA,0,0,0,0,103.9,12,84.9,0,59,38,479,3,0.100511073253833
14,D.Chark,WR,NA,NA,NA,NA,NA,NA,0,0,0,0,98.2,11,83.2,0,52,30,502,3,0.0885860306643952
15,T.Kennedy,WR,NA,NA,NA,NA,NA,NA,0,0,0,0,22.1,5,18.1,0,15,8,141,0,0.0255536626916525
16,J.Williams,WR,NA,NA,NA,NA,NA,NA,40,0,0,0,15.1,6,14.6,1,9,1,41,1,0.0153321976149915
17,Q.Cephus,WR,NA,NA,NA,NA,NA,NA,0,0,0,0,3.5,1,2.5,0,3,2,15,0,0.00511073253833049
18,M.Alexander,WR,NA,NA,NA,NA,NA,NA,0,0,0,0,1.7,1,1.2,0,1,1,7,0,0.00170357751277683
1,A.Rodgers,QB,542,350,64.58%,3695,26,12,94,1,4,2,239.2,17,251.2,NA,NA,NA,NA,NA,NA
2,J.Love,QB,21,14,66.67%,195,1,0,-1,0,0,0,11.7,4,11.7,NA,NA,NA,NA,NA,NA
3,A.Jones,RB,NA,NA,NA,NA,NA,NA,1121,2,3,1,248.6,17,219.1,213,72,59,395,5,0.127886323268206
4,A.Dillon,RB,NA,NA,NA,NA,NA,NA,770,7,0,0,167.6,17,153.6,186,43,28,206,0,0.0763765541740675
5,P.Taylor,RB,NA,NA,NA,NA,NA,NA,31,0,0,0,5.8,4,5.3,10,1,1,17,0,0.00177619893428064
6,K.Hill,RB,NA,NA,NA,NA,NA,NA,7,0,0,0,0.7,1,0.7,1,0,0,0,0,0
7,R.Tonyan,TE,NA,NA,NA,NA,NA,NA,0,0,0,0,112,17,85.5,0,67,53,470,2,0.119005328596803
8,M.Lewis,TE,NA,NA,NA,NA,NA,NA,0,0,0,1,26.6,6,23.6,0,7,6,66,2,0.0124333925399645
9,J.Deguara,TE,NA,NA,NA,NA,NA,NA,0,0,0,0,24.4,9,17.9,0,15,13,114,0,0.0266429840142096
10,T.Davis,TE,NA,NA,NA,NA,NA,NA,0,0,0,0,6.6,5,4.6,0,7,4,26,0,0.0124333925399645
11,A.Lazard,WR,NA,NA,NA,NA,NA,NA,0,0,0,0,174.8,15,144.8,2,100,60,788,6,0.177619893428064
12,C.Watson,WR,NA,NA,NA,NA,NA,NA,80,2,0,0,164.1,14,143.6,7,66,41,611,7,0.117229129662522
13,R.Doubs,WR,NA,NA,NA,NA,NA,NA,11,0,1,0,101.6,13,80.6,1,67,42,425,3,0.119005328596803
14,R.Cobb,WR,NA,NA,NA,NA,NA,NA,0,0,0,0,81.7,13,64.7,0,50,34,417,1,0.088809946714032
15,S.Watkins,WR,NA,NA,NA,NA,NA,NA,0,0,0,0,33.6,7,27.1,0,22,13,206,0,0.0390763765541741
16,S.Toure,WR,NA,NA,NA,NA,NA,NA,0,0,0,0,19.2,4,16.7,0,10,5,82,1,0.0177619893428064
17,A.Rodgers,WR,NA,NA,NA,NA,NA,NA,0,0,0,0,9,4,7,0,8,4,50,0,0.0142095914742451
18,J.Winfree,WR,NA,NA,NA,NA,NA,NA,0,0,0,0,2.7,3,2.2,0,4,1,17,0,0.00710479573712256
1,D.Mills,QB,479,292,60.96%,3118,17,15,108,2,3,1,181.52,15,196.52,NA,NA,NA,NA,NA,NA
2,J.Driskel,QB,20,14,70.00%,108,1,0,75,0,0,0,17.22,7,15.82,NA,NA,NA,NA,NA,NA
3,K.Allen,QB,78,46,58.97%,416,2,4,13,0,1,0,15.94,2,19.94,NA,NA,NA,NA,NA,NA
4,D.Pierce,RB,NA,NA,NA,NA,NA,NA,939,4,2,0,166.4,13,151.4,220,39,30,165,1,0.0675909878682842
5,R.Burkhead,RB,NA,NA,NA,NA,NA,NA,80,0,0,0,71.4,15,52.9,26,51,37,204,1,0.0883882149046794
6,D.Ogunbowale,RB,NA,NA,NA,NA,NA,NA,123,1,0,0,48.7,11,38.7,42,26,20,104,0,0.0450606585788562
7,R.Freeman,RB,NA,NA,NA,NA,NA,NA,117,0,1,0,19,4,16,41,8,6,33,0,0.0138648180242634
8,E.Benjamin,RB,NA,NA,NA,NA,NA,NA,1,0,0,0,0.1,1,0.1,3,0,0,0,0,0
9,J.Akins,TE,NA,NA,NA,NA,NA,NA,0,0,1,1,116.5,15,98,0,54,37,495,5,0.0935875216637782
10,O.Howard,TE,NA,NA,NA,NA,NA,NA,0,0,0,0,36.5,11,31.5,0,23,10,145,2,0.0398613518197574
11,T.Quitoriano,TE,NA,NA,NA,NA,NA,NA,0,0,0,0,30.3,7,26.8,0,14,7,113,2,0.024263431542461
12,B.Jordan,TE,NA,NA,NA,NA,NA,NA,0,0,0,0,26.8,9,19.8,0,28,14,128,0,0.048526863084922
13,P.Brown,TE,NA,NA,NA,NA,NA,NA,0,0,0,0,14.2,3,10.7,0,10,7,72,0,0.0173310225303293
14,M.Schreck,TE,NA,NA,NA,NA,NA,NA,0,0,0,0,2.6,2,1.6,0,2,2,6,0,0.00346620450606586
15,B.Cooks,WR,NA,NA,NA,NA,NA,NA,7,0,0,0,145.6,13,117.1,2,93,57,699,3,0.161178509532062
16,C.Moore,WR,NA,NA,NA,NA,NA,NA,3,0,0,0,115.1,15,91.1,3,74,48,548,2,0.128249566724437
17,N.Collins,WR,NA,NA,NA,NA,NA,NA,0,0,0,0,97.1,10,78.6,0,66,37,481,2,0.114384748700173
18,P.Dorsett,WR,NA,NA,NA,NA,NA,NA,0,0,0,0,51.7,14,41.7,0,40,20,257,1,0.0693240901213172
19,A.Rodgers,WR,NA,NA,NA,NA,NA,NA,7,0,0,0,34.1,5,28.1,2,17,12,154,1,0.0294627383015598
20,T.Johnson,WR,NA,NA,NA,NA,NA,NA,0,0,0,0,1.8,1,1.3,0,1,1,8,0,0.00173310225303293
21,J.Camp,WR,NA,NA,NA,NA,NA,NA,0,0,0,0,1.7,1,1.2,0,1,1,7,0,0.00173310225303293
22,C.Conley,WR,NA,NA,NA,NA,NA,NA,0,0,0,0,0,1,0,0,2,0,0,0,0.00346620450606586
1,M.Ryan,QB,461,309,67.03%,3057,14,13,70,1,5,0,155.28,12,168.28,NA,NA,NA,NA,NA,NA
2,S.Ehlinger,QB,101,64,63.37%,573,3,3,87,0,1,0,35.62,4,38.62,NA,NA,NA,NA,NA,NA
3,N.Foles,QB,42,25,59.52%,224,0,4,8,0,0,0,1.76,2,5.76,NA,NA,NA,NA,NA,NA
4,J.Taylor,RB,NA,NA,NA,NA,NA,NA,861,4,3,0,146.4,11,132.4,192,40,28,143,0,0.0662251655629139
5,D.Jackson,RB,NA,NA,NA,NA,NA,NA,236,1,1,0,84.5,12,69.5,68,34,30,209,1,0.0562913907284768
6,N.Hines,RB,NA,NA,NA,NA,NA,NA,36,1,0,0,53.4,7,40.9,18,28,25,188,0,0.0463576158940397
7,Z.Moss,RB,NA,NA,NA,NA,NA,NA,365,1,0,0,47.7,8,45.7,76,5,4,12,0,0.00827814569536424
8,P.Lindsay,RB,NA,NA,NA,NA,NA,NA,49,0,0,1,14.8,3,11.8,15,8,6,19,0,0.0132450331125828
9,J.Wilkins,RB,NA,NA,NA,NA,NA,NA,58,0,0,0,14.7,4,11.7,13,8,6,29,0,0.0132450331125828
10,J.Woods,TE,NA,NA,NA,NA,NA,NA,0,0,0,0,74.2,12,61.7,0,40,25,312,3,0.0662251655629139
11,K.Granson,TE,NA,NA,NA,NA,NA,NA,0,0,0,0,61.2,13,45.7,1,40,31,302,0,0.0662251655629139
12,M.Alie-Cox,TE,NA,NA,NA,NA,NA,NA,0,0,1,0,53.9,14,44.4,0,28,19,189,3,0.0463576158940397
13,M.Pittman,WR,NA,NA,NA,NA,NA,NA,30,0,1,0,216.5,16,167,3,141,99,925,4,0.233443708609272
14,P.Campbell,WR,NA,NA,NA,NA,NA,NA,58,0,0,0,149.1,17,117.6,5,91,63,623,3,0.150662251655629
15,A.Pierce,WR,NA,NA,NA,NA,NA,NA,0,0,0,0,112.3,16,91.8,0,78,41,593,2,0.129139072847682
16,A.Dulin,WR,NA,NA,NA,NA,NA,NA,8,0,0,0,42.5,7,35,2,22,15,207,1,0.0364238410596026
17,M.Strachan,WR,NA,NA,NA,NA,NA,NA,0,0,0,0,8.9,5,7.4,0,9,3,59,0,0.0149006622516556
18,D.Patmon,WR,NA,NA,NA,NA,NA,NA,0,0,0,0,4.4,1,3.4,0,6,2,24,0,0.00993377483443709
19,K.Coutee,WR,NA,NA,NA,NA,NA,NA,0,0,1,0,1,1,0.5,0,1,1,20,0,0.00165562913907285
1,T.Lawrence,QB,584,387,66.27%,4113,25,8,291,5,9,3,295.62,17,303.62,NA,NA,NA,NA,NA,NA
2,C.Beathard,QB,11,7,63.64%,35,0,1,-4,0,0,0,-1,4,0,NA,NA,NA,NA,NA,NA
3,T.Etienne,RB,NA,NA,NA,NA,NA,NA,1125,5,4,1,203.1,17,185.6,220,45,35,316,0,0.0756302521008403
4,J.Robinson,RB,NA,NA,NA,NA,NA,NA,340,3,0,0,71.6,7,67.1,81,11,9,46,1,0.0184873949579832
5,J.Hasty,RB,NA,NA,NA,NA,NA,NA,194,2,0,0,70,14,60,46,26,20,126,1,0.0436974789915966
6,S.Conner,RB,NA,NA,NA,NA,NA,NA,42,1,0,0,10.2,5,10.2,12,0,0,0,0,0
7,E.Engram,TE,NA,NA,NA,NA,NA,NA,13,0,0,1,176.9,17,140.4,2,98,73,766,4,0.164705882352941
8,D.Arnold,TE,NA,NA,NA,NA,NA,NA,0,0,0,0,22.5,10,18,0,13,9,135,0,0.0218487394957983
9,C.Manhertz,TE,NA,NA,NA,NA,NA,NA,0,0,0,0,10.2,6,7.2,0,8,6,42,0,0.0134453781512605
10,L.Farrell,TE,NA,NA,NA,NA,NA,NA,0,0,0,0,8,4,6,0,4,4,40,0,0.00672268907563025
11,C.Kirk,WR,NA,NA,NA,NA,NA,NA,11,0,0,0,243.9,17,201.9,5,133,84,1108,8,0.223529411764706
12,Z.Jones,WR,NA,NA,NA,NA,NA,NA,18,0,0,1,198.1,16,157.1,4,121,82,823,5,0.203361344537815
13,M.Jones,WR,NA,NA,NA,NA,NA,NA,0,0,0,0,116.9,16,93.9,0,81,46,529,3,0.136134453781513
14,J.Agnew,WR,NA,NA,NA,NA,NA,NA,86,0,0,1,70.3,14,58.8,12,30,23,187,3,0.0504201680672269
15,T.Jones,WR,NA,NA,NA,NA,NA,NA,0,0,0,0,6,4,4.5,0,4,3,30,0,0.00672268907563025
1,P.Mahomes,QB,648,435,67.13%,5250,41,12,358,4,0,3,417.4,17,427.8,NA,NA,NA,NA,NA,NA
2,C.Henne,QB,2,0,0.00%,0,0,0,-5,0,0,0,-0.5,2,-0.5,NA,NA,NA,NA,NA,NA
3,J.McKinnon,RB,NA,NA,NA,NA,NA,NA,291,1,1,1,196.3,17,168.3,72,71,56,512,9,0.109230769230769
4,I.Pacheco,RB,NA,NA,NA,NA,NA,NA,830,5,2,0,135,17,128.5,170,14,13,130,0,0.0215384615384615
5,C.Edwards-Helaire,RB,NA,NA,NA,NA,NA,NA,302,3,0,0,98.3,10,89.8,71,23,17,151,3,0.0353846153846154
6,R.Jones,RB,NA,NA,NA,NA,NA,NA,70,1,0,0,16.2,5,15.7,17,1,1,22,0,0.00153846153846154
7,T.Kelce,TE,NA,NA,NA,NA,NA,NA,5,0,1,1,316.3,17,261.3,2,152,110,1338,12,0.233846153846154
8,N.Gray,TE,NA,NA,NA,NA,NA,NA,1,1,0,0,70,17,56,1,34,28,299,1,0.0523076923076923
9,J.Fortson,TE,NA,NA,NA,NA,NA,NA,0,0,0,0,31.8,9,27.3,0,13,9,108,2,0.02
10,B.Bell,TE,NA,NA,NA,NA,NA,NA,0,0,0,0,10,2,9,0,2,2,20,1,0.00307692307692308
11,J.Smith-Schuster,WR,NA,NA,NA,NA,NA,NA,0,0,2,0,185.3,16,146.3,0,101,78,933,3,0.155384615384615
12,M.Valdes-Scantling,WR,NA,NA,NA,NA,NA,NA,-3,0,0,0,122.4,17,101.4,1,81,42,687,2,0.124615384615385
13,M.Hardman,WR,NA,NA,NA,NA,NA,NA,31,2,0,0,93.8,8,81.3,4,34,25,297,4,0.0523076923076923
14,J.Watson,WR,NA,NA,NA,NA,NA,NA,0,0,0,0,58.5,17,51,0,34,15,315,2,0.0523076923076923
15,K.Toney,WR,NA,NA,NA,NA,NA,NA,59,1,0,0,55,7,48,5,17,14,171,2,0.0261538461538462
16,S.Moore,WR,NA,NA,NA,NA,NA,NA,24,0,0,0,49.4,14,38.4,3,33,22,250,0,0.0507692307692308
1,M.Stafford,QB,303,206,67.99%,2087,10,8,9,1,3,0,108.38,9,116.38,NA,NA,NA,NA,NA,NA
2,B.Mayfield,QB,129,82,63.57%,850,4,2,37,0,1,0,47.7,5,49.7,NA,NA,NA,NA,NA,NA
3,B.Perkins,QB,34,19,55.88%,161,1,2,90,0,0,0,15.44,5,17.44,NA,NA,NA,NA,NA,NA
4,J.Wolford,QB,62,38,61.29%,390,1,3,32,0,1,0,14.8,2,17.8,NA,NA,NA,NA,NA,NA
5,C.Akers,RB,NA,NA,NA,NA,NA,NA,786,7,2,0,141.3,15,134.8,188,18,13,117,0,0.0340909090909091
6,D.Henderson,RB,NA,NA,NA,NA,NA,NA,283,3,0,0,73.5,10,65,70,22,17,102,0,0.0416666666666667
7,K.Williams,RB,NA,NA,NA,NA,NA,NA,139,0,0,0,30.5,8,26,35,12,9,76,0,0.0227272727272727
8,M.Brown,RB,NA,NA,NA,NA,NA,NA,81,1,0,0,22.8,7,20.3,18,6,5,37,0,0.0113636363636364
9,R.Rivers,RB,NA,NA,NA,NA,NA,NA,21,0,0,0,10,2,7.5,9,5,5,29,0,0.00946969696969697
10,T.Higbee,TE,NA,NA,NA,NA,NA,NA,0,0,0,0,152,16,116,0,108,72,620,3,0.204545454545455
11,B.Hopkins,TE,NA,NA,NA,NA,NA,NA,0,0,0,0,17.9,7,14.4,0,11,7,109,0,0.0208333333333333
12,K.Blanton,TE,NA,NA,NA,NA,NA,NA,0,0,0,0,5.5,2,4.5,0,2,2,35,0,0.00378787878787879
13,C.Kupp,WR,NA,NA,NA,NA,NA,NA,52,1,1,0,201.4,9,163.9,9,98,75,812,6,0.185606060606061
14,A.Robinson,WR,NA,NA,NA,NA,NA,NA,0,0,0,0,84.9,10,68.4,0,52,33,339,3,0.0984848484848485
15,B.Skowronek,WR,NA,NA,NA,NA,NA,NA,17,1,0,0,84.3,14,64.8,1,61,39,376,0,0.115530303030303
16,V.Jefferson,WR,NA,NA,NA,NA,NA,NA,0,0,0,0,78.9,10,66.9,0,44,24,369,3,0.0833333333333333
17,T.Atwell,WR,NA,NA,NA,NA,NA,NA,34,1,0,0,63.2,12,54.2,9,35,18,298,1,0.0662878787878788
18,B.Powell,WR,NA,NA,NA,NA,NA,NA,80,0,0,0,47.6,16,35.6,17,32,24,156,0,0.0606060606060606
19,A.Trammell,WR,NA,NA,NA,NA,NA,NA,0,0,0,0,3.3,2,2.3,0,4,2,13,0,0.00757575757575758
20,J.Harris,WR,NA,NA,NA,NA,NA,NA,0,0,0,0,1.6,1,1.1,0,1,1,6,0,0.00189393939393939
21,L.McCutcheon,WR,NA,NA,NA,NA,NA,NA,0,0,0,0,0,2,0,0,5,0,0,0,0.00946969696969697
1,J.Herbert,QB,699,477,68.24%,4739,25,10,147,0,3,1,281.26,17,290.26,NA,NA,NA,NA,NA,NA
2,C.Daniel,QB,12,8,66.67%,52,1,0,4,0,0,1,8.48,3,8.48,NA,NA,NA,NA,NA,NA
3,A.Ekeler,RB,NA,NA,NA,NA,NA,NA,915,13,3,0,372.7,17,319.2,204,127,107,722,5,0.178621659634318
4,J.Kelley,RB,NA,NA,NA,NA,NA,NA,287,2,0,0,64.8,12,57.8,69,25,14,101,0,0.0351617440225035
5,S.Michel,RB,NA,NA,NA,NA,NA,NA,106,0,0,0,24.9,10,20.4,36,13,9,53,0,0.0182841068917018
6,Z.Horvath,RB,NA,NA,NA,NA,NA,NA,8,0,0,0,18.6,8,16.1,4,8,5,8,2,0.0112517580872011
7,I.Spiller,RB,NA,NA,NA,NA,NA,NA,41,0,0,0,8.4,5,6.9,18,3,3,13,0,0.00421940928270042
8,L.Rountree,RB,NA,NA,NA,NA,NA,NA,19,0,0,0,5.3,2,4.3,13,2,2,14,0,0.00281293952180028
9,G.Everett,TE,NA,NA,NA,NA,NA,NA,0,0,0,1,139.5,15,110.5,1,87,58,555,4,0.122362869198312
10,D.Parham,TE,NA,NA,NA,NA,NA,NA,0,0,0,0,29,6,24,0,12,10,130,1,0.0168776371308017
11,T.McKitty,TE,NA,NA,NA,NA,NA,NA,0,0,0,0,17.2,8,12.2,0,18,10,72,0,0.0253164556962025
12,S.Smartt,TE,NA,NA,NA,NA,NA,NA,0,0,0,0,5.7,3,3.7,0,5,4,17,0,0.0070323488045007
13,R.Rodgers,TE,NA,NA,NA,NA,NA,NA,0,0,0,0,1.4,3,0.9,0,4,1,4,0,0.00562587904360056
14,M.Williams,WR,NA,NA,NA,NA,NA,NA,0,0,0,0,176.5,13,145,0,93,63,895,4,0.130801687763713
15,J.Palmer,WR,NA,NA,NA,NA,NA,NA,4,0,0,1,169.3,16,133.3,1,107,72,769,3,0.150492264416315
16,K.Allen,WR,NA,NA,NA,NA,NA,NA,8,0,1,0,164,10,131,1,89,66,752,4,0.125175808720113
17,D.Carter,WR,NA,NA,NA,NA,NA,NA,-15,0,1,0,114.3,16,91.3,2,65,46,538,3,0.0914205344585091
18,M.Bandy,WR,NA,NA,NA,NA,NA,NA,0,0,0,0,18.9,7,13.9,0,21,10,89,0,0.029535864978903
19,J.Guyton,WR,NA,NA,NA,NA,NA,NA,0,0,0,0,8.4,2,7.4,0,4,2,64,0,0.00562587904360056
20,J.Moore,WR,NA,NA,NA,NA,NA,NA,0,0,0,0,1.5,1,1,0,2,1,5,0,0.00281293952180028
1,D.Carr,QB,502,305,60.76%,3522,24,14,102,0,0,0,219.08,15,233.08,NA,NA,NA,NA,NA,NA
2,J.Stidham,QB,83,53,63.86%,656,4,3,84,0,1,0,42.64,3,45.64,NA,NA,NA,NA,NA,NA
3,J.Jacobs,RB,NA,NA,NA,NA,NA,NA,1653,12,1,0,328.3,17,301.8,340,64,53,400,0,0.109401709401709
4,A.Abdullah,RB,NA,NA,NA,NA,NA,NA,20,0,0,0,54.1,13,41.6,4,32,25,211,1,0.0547008547008547
5,B.Bolden,RB,NA,NA,NA,NA,NA,NA,66,0,0,0,27.3,8,22.8,17,9,9,57,1,0.0153846153846154
6,Z.White,RB,NA,NA,NA,NA,NA,NA,70,0,0,0,7,11,7,17,0,0,0,0,0
7,F.Moreau,TE,NA,NA,NA,NA,NA,NA,0,0,0,0,87,14,70.5,0,54,33,420,2,0.0923076923076923
8,D.Waller,TE,NA,NA,NA,NA,NA,NA,0,0,0,0,84.8,8,70.8,0,43,28,388,3,0.0735042735042735
9,J.Horsted,TE,NA,NA,NA,NA,NA,NA,0,0,0,0,4.9,2,3.4,0,4,3,19,0,0.00683760683760684
10,D.Adams,WR,NA,NA,NA,NA,NA,NA,-1,0,0,0,335.5,17,285.5,3,180,100,1516,14,0.307692307692308
11,M.Hollins,WR,NA,NA,NA,NA,NA,NA,40,0,0,0,154.16,17,125.5,4,94,57,690,4,0.160683760683761
12,H.Renfrow,WR,NA,NA,NA,NA,NA,NA,0,0,1,0,79,10,61,0,50,36,330,2,0.0854700854700855
13,K.Cole,WR,NA,NA,NA,NA,NA,NA,0,0,0,0,30.1,9,25.1,0,21,10,141,1,0.0358974358974359
14,D.Turner,WR,NA,NA,NA,NA,NA,NA,26,0,0,0,2.6,2,2.6,4,1,0,0,0,0.00170940170940171
1,T.Tagovailoa,QB,400,259,64.75%,3548,25,8,70,0,1,0,230.92,13,238.92,NA,NA,NA,NA,NA,NA
2,T.Bridgewater,QB,79,49,62.03%,683,4,4,27,0,0,0,38.02,5,42.02,NA,NA,NA,NA,NA,NA
3,S.Thompson,QB,105,60,57.14%,534,1,3,21,0,2,0,17.46,7,20.46,NA,NA,NA,NA,NA,NA
4,R.Mostert,RB,NA,NA,NA,NA,NA,NA,891,3,1,0,168.3,16,152.8,181,42,31,202,2,0.0719178082191781
5,J.Wilson,RB,NA,NA,NA,NA,NA,NA,392,3,0,0,84.6,8,78.6,84,24,12,94,1,0.0410958904109589
6,C.Edmonds,RB,NA,NA,NA,NA,NA,NA,120,2,0,0,49.6,8,44.6,42,17,10,96,1,0.0291095890410959
7,S.Ahmed,RB,NA,NA,NA,NA,NA,NA,64,1,0,0,14.2,6,13.7,12,1,1,8,0,0.00171232876712329
8,M.Gaskin,RB,NA,NA,NA,NA,NA,NA,26,0,0,0,9.4,2,7.4,10,6,4,28,0,0.0102739726027397
9,M.Gesicki,TE,NA,NA,NA,NA,NA,NA,0,0,0,0,98.2,17,82.2,0,52,32,362,5,0.089041095890411
10,D.Smythe,TE,NA,NA,NA,NA,NA,NA,1,1,0,0,40,12,32.5,2,20,15,129,1,0.0342465753424658
11,T.Hill,WR,NA,NA,NA,NA,NA,NA,32,1,0,0,341.2,17,281.7,7,170,119,1710,7,0.291095890410959
12,J.Waddle,WR,NA,NA,NA,NA,NA,NA,26,0,1,0,259.2,17,221.7,3,117,75,1356,8,0.200342465753425
13,T.Sherfield,WR,NA,NA,NA,NA,NA,NA,0,0,0,0,83.7,16,68.7,0,51,30,417,2,0.0873287671232877
14,R.Cracraft,WR,NA,NA,NA,NA,NA,NA,0,0,0,0,31.2,8,26.7,0,14,9,102,2,0.023972602739726
15,C.Wilson,WR,NA,NA,NA,NA,NA,NA,8,0,0,0,26.4,9,20.4,1,18,12,136,0,0.0308219178082192
16,B.Sanders,WR,NA,NA,NA,NA,NA,NA,0,0,1,0,1.7,2,0.7,0,3,2,17,0,0.00513698630136986
17,E.Ezukanma,WR,NA,NA,NA,NA,NA,NA,0,0,0,0,1.3,1,0.8,0,1,1,3,0,0.00171232876712329
18,T.Conner,WR,NA,NA,NA,NA,NA,NA,0,0,0,0,0,2,0,0,3,0,0,0,0.00513698630136986
1,K.Cousins,QB,643,424,65.94%,4547,29,14,97,2,3,3,291.58,17,305.58,NA,NA,NA,NA,NA,NA
2,N.Mullens,QB,25,21,84.00%,224,1,1,8,0,0,0,11.76,4,12.76,NA,NA,NA,NA,NA,NA
3,D.Cook,RB,NA,NA,NA,NA,NA,NA,1173,8,3,0,237.8,17,220.3,264,56,39,295,2,0.0838323353293413
4,A.Mattison,RB,NA,NA,NA,NA,NA,NA,283,5,0,0,88.4,17,80.9,74,18,15,91,1,0.0269461077844311
5,K.Nwangwu,RB,NA,NA,NA,NA,NA,NA,14,0,0,0,11.5,3,4.5,9,2,2,21,0,0.0029940119760479
6,T.Chandler,RB,NA,NA,NA,NA,NA,NA,20,0,0,0,2,1,2,6,0,0,0,0,0
7,T.Hockenson,TE,NA,NA,NA,NA,NA,NA,0,0,1,1,129.9,10,99.9,0,86,60,519,3,0.12874251497006
8,I.Smith,TE,NA,NA,NA,NA,NA,NA,0,0,0,0,55.2,8,42.7,0,36,25,182,2,0.0538922155688623
9,J.Mundt,TE,NA,NA,NA,NA,NA,NA,0,0,0,0,39,13,29.5,0,21,19,140,1,0.031437125748503
10,B.Ellefson,TE,NA,NA,NA,NA,NA,NA,0,0,0,0,5.6,2,4.1,0,3,3,26,0,0.00449101796407186
11,J.Jefferson,WR,NA,NA,NA,NA,NA,NA,24,1,0,1,368.66,17,303.3,4,184,128,1809,8,0.275449101796407
12,A.Thielen,WR,NA,NA,NA,NA,NA,NA,4,0,0,1,180,17,145,1,107,70,716,6,0.160179640718563
13,K.Osborn,WR,NA,NA,NA,NA,NA,NA,6,0,0,0,155.6,17,125.6,3,90,60,650,5,0.134730538922156
14,J.Nailor,WR,NA,NA,NA,NA,NA,NA,0,0,0,0,32.9,5,28.4,0,13,9,179,1,0.0194610778443114
15,J.Reagor,WR,NA,NA,NA,NA,NA,NA,25,0,0,0,26.9,10,22.9,4,13,8,104,1,0.0194610778443114
1,M.Jones,QB,442,288,65.16%,2997,14,11,102,1,1,1,170.08,14,181.08,NA,NA,NA,NA,NA,NA
2,B.Zappe,QB,92,65,70.65%,781,5,3,0,0,3,0,39.64,4,42.24,NA,NA,NA,NA,NA,NA
3,B.Hoyer,QB,6,5,83.33%,37,0,0,0,0,0,0,1.48,1,1.48,NA,NA,NA,NA,NA,NA
4,R.Stevenson,RB,NA,NA,NA,NA,NA,NA,1040,5,1,0,249.1,17,214.6,210,88,69,421,1,0.162962962962963
5,D.Harris,RB,NA,NA,NA,NA,NA,NA,462,3,0,0,90.9,11,82.4,106,23,17,97,0,0.0425925925925926
6,P.Strong,RB,NA,NA,NA,NA,NA,NA,100,1,0,0,27.2,4,23.7,10,7,7,42,0,0.012962962962963
7,K.Harris,RB,NA,NA,NA,NA,NA,NA,52,1,0,0,11.2,5,11.2,18,0,0,0,0,0
8,J.Taylor,RB,NA,NA,NA,NA,NA,NA,9,0,0,0,2.7,1,2.2,10,1,1,8,0,0.00185185185185185
9,H.Henry,TE,NA,NA,NA,NA,NA,NA,0,0,0,0,103.9,16,83.4,0,59,41,509,2,0.109259259259259
10,J.Smith,TE,NA,NA,NA,NA,NA,NA,5,0,0,0,52,12,38.5,1,38,27,245,0,0.0703703703703704
11,J.Meyers,WR,NA,NA,NA,NA,NA,NA,9,0,1,1,184.3,14,150.8,2,96,67,804,6,0.177777777777778
12,D.Parker,WR,NA,NA,NA,NA,NA,NA,0,0,0,0,102.9,12,87.4,0,47,31,539,3,0.087037037037037
13,K.Bourne,WR,NA,NA,NA,NA,NA,NA,39,0,0,0,88.3,16,70.8,6,48,35,434,1,0.0888888888888889
14,N.Agholor,WR,NA,NA,NA,NA,NA,NA,0,0,2,0,75.2,14,59.7,0,53,31,362,2,0.0981481481481482
15,T.Thornton,WR,NA,NA,NA,NA,NA,NA,16,1,0,0,66.3,12,55.3,3,45,22,247,2,0.0833333333333333
16,T.Montgomery,WR,NA,NA,NA,NA,NA,NA,-2,0,0,0,10.3,1,8.8,2,4,3,15,1,0.00740740740740741
17,L.Humphrey,WR,NA,NA,NA,NA,NA,NA,0,0,0,0,4,3,3,0,4,2,20,0,0.00740740740740741
1,A.Dalton,QB,378,252,66.67%,2871,18,9,54,0,1,1,174.24,14,183.24,NA,NA,NA,NA,NA,NA
2,J.Winston,QB,115,73,63.48%,858,4,5,16,0,0,1,43.92,3,48.92,NA,NA,NA,NA,NA,NA
3,A.Kamara,RB,NA,NA,NA,NA,NA,NA,897,2,4,0,211.7,15,183.2,223,77,57,490,2,0.156186612576065
4,M.Ingram,RB,NA,NA,NA,NA,NA,NA,233,1,2,1,50.1,10,42.1,62,18,16,68,0,0.0365111561866126
5,L.Murray,RB,NA,NA,NA,NA,NA,NA,57,1,0,0,13.5,1,13,11,1,1,8,0,0.00202839756592292
6,D.Johnson,RB,NA,NA,NA,NA,NA,NA,24,0,1,0,9.1,4,7.1,12,4,4,47,0,0.00811359026369168
7,D.Washington,RB,NA,NA,NA,NA,NA,NA,38,0,0,0,5.5,3,5,11,1,1,7,0,0.00202839756592292
8,T.Jones,RB,NA,NA,NA,NA,NA,NA,8,0,0,0,4,1,3,2,2,2,12,0,0.00405679513184584
9,E.Benjamin,RB,NA,NA,NA,NA,NA,NA,13,0,0,0,3.2,2,2.7,4,1,1,9,0,0.00202839756592292
10,J.Howard,RB,NA,NA,NA,NA,NA,NA,1,0,0,0,0.1,1,0.1,1,0,0,0,0,0
11,T.Hill,TE,NA,NA,NA,NA,NA,NA,575,7,0,0,145.8,16,123.7,96,13,9,77,2,0.026369168356998
12,J.Johnson,TE,NA,NA,NA,NA,NA,NA,0,0,0,0,134.8,16,113.8,0,65,42,508,7,0.13184584178499
13,A.Trautman,TE,NA,NA,NA,NA,NA,NA,0,0,0,0,44.7,12,35.7,0,22,18,207,1,0.0446247464503043
14,N.Vannett,TE,NA,NA,NA,NA,NA,NA,0,0,0,0,3.3,2,2.3,0,2,2,13,0,0.00405679513184584
15,C.Olave,WR,NA,NA,NA,NA,NA,NA,0,0,2,1,198.2,15,162.2,0,119,72,1042,4,0.241379310344828
16,R.Shaheed,WR,NA,NA,NA,NA,NA,NA,57,1,0,0,100.5,11,86.5,4,34,28,488,2,0.0689655172413793
17,J.Landry,WR,NA,NA,NA,NA,NA,NA,0,0,0,1,60.2,9,47.7,0,39,25,272,1,0.0791075050709939
18,T.Smith,WR,NA,NA,NA,NA,NA,NA,0,0,0,0,52.8,9,43.3,0,27,19,278,1,0.0547667342799189
19,M.Thomas,WR,NA,NA,NA,NA,NA,NA,0,0,0,0,51.1,3,43.1,0,22,16,171,3,0.0446247464503043
20,M.Callaway,WR,NA,NA,NA,NA,NA,NA,0,0,0,0,37.8,10,29.8,0,32,16,158,1,0.0649087221095335
21,K.White,WR,NA,NA,NA,NA,NA,NA,0,0,0,0,9.4,4,8.4,0,5,2,74,0,0.0101419878296146
22,K.Kirkwood,WR,NA,NA,NA,NA,NA,NA,0,0,0,0,3.8,3,2.8,0,4,2,18,0,0.00811359026369168
23,D.Harty,WR,NA,NA,NA,NA,NA,NA,0,0,0,0,3.3,2,2.3,0,2,2,13,0,0.00405679513184584
1,D.Jones,QB,472,317,67.16%,3205,15,5,708,7,3,2,289,16,294,NA,NA,NA,NA,NA,NA
2,D.Webb,QB,40,23,57.50%,168,1,0,41,1,0,0,20.82,1,20.82,NA,NA,NA,NA,NA,NA
3,T.Taylor,QB,8,6,75.00%,58,1,1,70,0,1,1,11.32,2,12.32,NA,NA,NA,NA,NA,NA
4,S.Barkley,RB,NA,NA,NA,NA,NA,NA,1312,10,0,1,284,16,255.5,295,76,57,338,0,0.146153846153846
5,M.Breida,RB,NA,NA,NA,NA,NA,NA,220,1,0,0,59.8,17,49.8,54,25,20,118,0,0.0480769230769231
6,G.Brightwell,RB,NA,NA,NA,NA,NA,NA,141,1,0,0,29,8,26.5,31,8,5,39,0,0.0153846153846154
7,D.Bellinger,TE,NA,NA,NA,NA,NA,NA,2,1,1,1,75,11,60,1,35,30,268,2,0.0673076923076923
8,L.Cager,TE,NA,NA,NA,NA,NA,NA,0,0,0,0,30.8,5,24.3,0,18,13,118,1,0.0346153846153846
9,T.Hudson,TE,NA,NA,NA,NA,NA,NA,0,0,0,0,23.2,6,18.2,0,15,10,132,0,0.0288461538461538
10,C.Myarick,TE,NA,NA,NA,NA,NA,NA,0,0,0,0,19.5,7,16,0,8,7,65,1,0.0153846153846154
11,N.Vannett,TE,NA,NA,NA,NA,NA,NA,0,0,0,0,8.2,3,6.2,0,7,4,42,0,0.0134615384615385
12,R.James,WR,NA,NA,NA,NA,NA,NA,6,0,0,0,138.5,14,110,2,70,57,569,4,0.134615384615385
13,D.Slayton,WR,NA,NA,NA,NA,NA,NA,0,0,1,0,128.4,13,105.4,0,71,46,724,2,0.136538461538462
14,I.Hodgins,WR,NA,NA,NA,NA,NA,NA,0,0,1,1,92.1,8,75.6,0,42,33,351,4,0.0807692307692308
15,W.Robinson,WR,NA,NA,NA,NA,NA,NA,-1,0,0,0,51.6,6,40.1,2,31,23,227,1,0.0596153846153846
16,S.Shepard,WR,NA,NA,NA,NA,NA,NA,0,0,0,0,34.4,3,27.9,0,24,13,154,1,0.0461538461538462
17,D.Sills,WR,NA,NA,NA,NA,NA,NA,0,0,0,0,21.6,7,16.1,0,17,11,106,0,0.0326923076923077
18,K.Golladay,WR,NA,NA,NA,NA,NA,NA,0,0,0,0,20.1,6,17.1,0,17,6,81,1,0.0326923076923077
19,M.Johnson,WR,NA,NA,NA,NA,NA,NA,0,0,0,0,18.9,5,14.4,0,22,9,99,0,0.0423076923076923
20,K.Toney,WR,NA,NA,NA,NA,NA,NA,23,0,0,0,4.3,2,3.3,2,3,2,0,0,0.00576923076923077
1,Z.Wilson,QB,242,132,54.55%,1688,6,7,102,1,1,0,98.92,9,98.72,NA,NA,NA,NA,NA,NA
2,M.White,QB,175,103,58.86%,1192,3,4,9,1,1,0,56.58,4,60.58,NA,NA,NA,NA,NA,NA
3,J.Flacco,QB,191,110,57.59%,1051,5,3,6,0,4,0,48.04,5,51.64,NA,NA,NA,NA,NA,NA
4,C.Streveler,QB,15,10,66.67%,90,0,0,54,0,0,0,9,1,9,NA,NA,NA,NA,NA,NA
5,M.Carter,RB,NA,NA,NA,NA,NA,NA,402,3,1,0,126,16,105.5,114,54,41,288,0,0.086677367576244
6,B.Hall,RB,NA,NA,NA,NA,NA,NA,463,4,1,0,115.1,7,105.6,80,31,19,218,1,0.0497592295345104
7,Z.Knight,RB,NA,NA,NA,NA,NA,NA,300,1,0,0,59,7,52.5,85,14,13,100,0,0.0224719101123595
8,T.Johnson,RB,NA,NA,NA,NA,NA,NA,160,1,0,0,42.8,10,36.8,30,24,12,88,0,0.0385232744783307
9,J.Robinson,RB,NA,NA,NA,NA,NA,NA,85,0,0,0,17,4,16,29,3,2,5,1,0.00481540930979133
10,T.Conklin,TE,NA,NA,NA,NA,NA,NA,3,0,0,0,131.5,17,102.5,2,87,58,552,3,0.139646869983949
11,C.Uzomah,TE,NA,NA,NA,NA,NA,NA,0,0,0,0,56.2,12,45.7,0,27,21,232,2,0.043338683788122
12,J.Ruckert,TE,NA,NA,NA,NA,NA,NA,0,0,0,0,1.8,2,1.3,0,2,1,8,0,0.00321027287319422
13,L.Cager,TE,NA,NA,NA,NA,NA,NA,0,0,0,0,0,1,0,0,1,0,0,0,0.00160513643659711
14,G.Wilson,WR,NA,NA,NA,NA,NA,NA,4,0,1,0,216,17,175,4,146,82,1116,4,0.234349919743178
15,C.Davis,WR,NA,NA,NA,NA,NA,NA,0,0,0,0,97.6,13,81.6,0,64,32,536,2,0.102728731942215
16,E.Moore,WR,NA,NA,NA,NA,NA,NA,5,0,0,0,88.1,14,69.6,5,65,37,446,1,0.104333868378812
17,B.Berrios,WR,NA,NA,NA,NA,NA,NA,91,2,0,0,57.68,15,44.6,9,32,18,145,0,0.0513643659711075
18,D.Mims,WR,NA,NA,NA,NA,NA,NA,0,0,0,0,29.6,9,24.1,0,25,11,186,0,0.0401284109149278
19,J.Smith,WR,NA,NA,NA,NA,NA,NA,0,0,0,0,21.4,7,17.4,0,11,8,134,0,0.0176565008025682
1,J.Hurts,QB,460,306,66.52%,3701,22,6,760,13,2,2,378.04,15,384.04,NA,NA,NA,NA,NA,NA
2,G.Minshew,QB,76,44,57.89%,663,3,3,3,1,1,0,36.82,5,39.82,NA,NA,NA,NA,NA,NA
3,M.Sanders,RB,NA,NA,NA,NA,NA,NA,1269,11,2,0,216.7,17,206.7,259,26,20,78,0,0.0485074626865672
4,K.Gainwell,RB,NA,NA,NA,NA,NA,NA,240,4,0,0,87.9,17,76.4,53,29,23,169,0,0.0541044776119403
5,B.Scott,RB,NA,NA,NA,NA,NA,NA,217,3,0,0,46.2,13,43.7,54,6,5,15,0,0.0111940298507463
6,T.Sermon,RB,NA,NA,NA,NA,NA,NA,19,0,0,0,1.9,1,1.9,2,0,0,0,0,0
7,D.Goedert,TE,NA,NA,NA,NA,NA,NA,0,0,1,0,141.2,12,113.7,0,69,55,702,3,0.128731343283582
8,J.Stoll,TE,NA,NA,NA,NA,NA,NA,0,0,0,0,23.3,9,17.8,0,14,11,123,0,0.0261194029850746
9,G.Calcaterra,TE,NA,NA,NA,NA,NA,NA,0,0,0,0,13.1,5,10.6,0,9,5,81,0,0.0167910447761194
10,N.Togiai,TE,NA,NA,NA,NA,NA,NA,0,0,0,0,0,1,0,0,1,0,0,0,0.00186567164179104
11,A.Brown,WR,NA,NA,NA,NA,NA,NA,0,0,2,0,299.6,17,255.6,0,145,88,1496,11,0.270522388059701
12,D.Smith,WR,NA,NA,NA,NA,NA,NA,0,0,1,0,254.6,17,207.1,0,136,95,1196,7,0.253731343283582
13,Q.Watkins,WR,NA,NA,NA,NA,NA,NA,1,0,1,0,84.5,16,68,3,51,33,354,3,0.0951492537313433
14,Z.Pascal,WR,NA,NA,NA,NA,NA,NA,0,0,0,0,36,12,28.5,1,19,15,150,1,0.0354477611940298
1,K.Pickett,QB,389,245,62.98%,2404,7,9,237,3,1,2,149.86,13,158.86,NA,NA,NA,NA,NA,NA
2,M.Trubisky,QB,180,117,65.00%,1252,4,5,38,2,0,1,73.88,7,78.88,NA,NA,NA,NA,NA,NA
3,N.Harris,RB,NA,NA,NA,NA,NA,NA,1034,7,2,0,223.46,17,202.8,272,53,41,229,3,0.0931458699472759
4,J.Warren,RB,NA,NA,NA,NA,NA,NA,379,1,0,0,93.3,16,79.3,77,33,28,214,0,0.0579964850615114
5,B.Snell,RB,NA,NA,NA,NA,NA,NA,90,1,0,0,18.7,3,17.7,20,2,2,17,0,0.00351493848857645
6,A.McFarland,RB,NA,NA,NA,NA,NA,NA,30,0,0,0,6.1,1,5.1,6,2,2,11,0,0.00351493848857645
7,P.Freiermuth,TE,NA,NA,NA,NA,NA,NA,0,0,0,0,148.2,15,116.7,0,98,63,732,2,0.172231985940246
8,C.Heyward,TE,NA,NA,NA,NA,NA,NA,27,0,0,0,35.8,8,29.8,2,17,12,151,1,0.0298769771528998
9,Z.Gentry,TE,NA,NA,NA,NA,NA,NA,0,0,0,0,32.2,14,22.7,0,23,19,132,0,0.0404217926186292
10,D.Johnson,WR,NA,NA,NA,NA,NA,NA,25,0,0,2,180.7,17,137.7,7,147,86,882,0,0.258347978910369
11,G.Pickens,WR,NA,NA,NA,NA,NA,NA,24,1,0,1,166.5,17,140.5,3,84,52,801,4,0.147627416520211
12,C.Claypool,WR,NA,NA,NA,NA,NA,NA,55,0,0,0,78.64,8,58.6,8,50,32,311,1,0.0878734622144113
13,S.Sims,WR,NA,NA,NA,NA,NA,NA,70,0,0,0,31.4,11,24.4,13,23,14,104,0,0.0404217926186292
14,G.Olszewski,WR,NA,NA,NA,NA,NA,NA,39,0,0,0,14.2,10,11.7,8,7,5,53,0,0.0123022847100176
15,M.Boykin,WR,NA,NA,NA,NA,NA,NA,0,0,0,0,3.1,3,2.1,0,3,2,11,0,0.00527240773286467
16,C.White,WR,NA,NA,NA,NA,NA,NA,0,0,0,0,1.2,1,0.7,0,1,1,2,0,0.00175746924428822
1,G.Smith,QB,572,399,69.76%,4282,30,11,366,1,4,0,303.88,17,314.88,NA,NA,NA,NA,NA,NA
2,K.Walker,RB,NA,NA,NA,NA,NA,NA,1050,9,0,0,202.5,15,189,228,35,27,165,0,0.0611888111888112
3,R.Penny,RB,NA,NA,NA,NA,NA,NA,346,2,0,0,52.2,5,50.2,57,5,4,16,0,0.00874125874125874
4,D.Dallas,RB,NA,NA,NA,NA,NA,NA,186,0,0,0,46.2,11,39.7,35,19,17,126,0,0.0332167832167832
5,T.Homer,RB,NA,NA,NA,NA,NA,NA,74,0,1,0,43.1,8,35.1,19,18,16,157,1,0.0314685314685315
6,T.Jones,RB,NA,NA,NA,NA,NA,NA,16,0,0,0,6.4,2,4.9,8,6,3,18,0,0.0104895104895105
7,G.Igwebuike,RB,NA,NA,NA,NA,NA,NA,4,0,0,0,1.7,1,1.2,3,1,1,3,0,0.00174825174825175
8,N.Fant,TE,NA,NA,NA,NA,NA,NA,0,0,0,0,122.6,17,97.6,0,63,50,486,4,0.11013986013986
9,W.Dissly,TE,NA,NA,NA,NA,NA,NA,0,0,0,0,86.9,15,69.9,0,38,34,349,3,0.0664335664335664
10,C.Parkinson,TE,NA,NA,NA,NA,NA,NA,0,0,0,0,69.2,14,56.7,0,34,25,322,2,0.0594405594405594
11,T.Mabry,TE,NA,NA,NA,NA,NA,NA,0,0,0,0,7.7,1,7.2,0,1,1,7,1,0.00174825174825175
12,T.Lockett,WR,NA,NA,NA,NA,NA,NA,0,0,1,0,239.3,16,197.3,0,117,84,1033,9,0.204545454545455
13,D.Metcalf,WR,NA,NA,NA,NA,NA,NA,0,0,2,0,226.8,17,181.8,0,141,90,1048,6,0.246503496503497
14,M.Goodwin,WR,NA,NA,NA,NA,NA,NA,5,0,0,0,90.2,12,76.7,2,42,27,387,4,0.0734265734265734
15,D.Eskridge,WR,NA,NA,NA,NA,NA,NA,10,0,0,0,13.8,8,10.3,2,13,7,58,0,0.0227272727272727
16,L.Treadwell,WR,NA,NA,NA,NA,NA,NA,0,0,0,0,10.2,3,7.2,0,10,6,42,0,0.0174825174825175
17,P.Hart,WR,NA,NA,NA,NA,NA,NA,0,0,0,0,5,3,3.5,0,4,3,20,0,0.00699300699300699
18,D.Young,WR,NA,NA,NA,NA,NA,NA,0,0,0,0,4.4,1,3.4,0,2,2,24,0,0.0034965034965035
19,C.Johnson,WR,NA,NA,NA,NA,NA,NA,0,0,0,0,4.1,2,3.1,0,4,2,21,0,0.00699300699300699
1,J.Garoppolo,QB,308,207,67.21%,2437,16,4,33,2,2,0,164.78,11,168.78,NA,NA,NA,NA,NA,NA
2,B.Purdy,QB,170,114,67.06%,1374,13,4,13,1,0,0,106.26,9,110.26,NA,NA,NA,NA,NA,NA
3,T.Lance,QB,31,15,48.39%,194,0,1,67,0,0,0,12.46,2,13.46,NA,NA,NA,NA,NA,NA
4,J.Johnson,QB,2,1,50.00%,10,0,0,3,0,0,0,0.7,1,0.7,NA,NA,NA,NA,NA,NA
5,C.McCaffrey,RB,NA,NA,NA,NA,NA,NA,746,6,0,0,238.36,11,207,159,65,52,464,4,0.12720156555773
6,J.Wilson,RB,NA,NA,NA,NA,NA,NA,468,2,2,0,73.9,8,68.9,92,13,10,91,0,0.025440313111546
7,E.Mitchell,RB,NA,NA,NA,NA,NA,NA,279,2,0,0,43.6,5,42.1,45,4,3,7,0,0.00782778864970646
8,J.Mason,RB,NA,NA,NA,NA,NA,NA,258,1,0,0,31.8,8,31.8,43,0,0,0,0,0
9,T.Coleman,RB,NA,NA,NA,NA,NA,NA,26,1,0,0,22,2,20.5,12,3,3,44,1,0.00587084148727984
10,T.Davis-Price,RB,NA,NA,NA,NA,NA,NA,99,0,0,0,9.9,5,9.9,34,2,0,0,0,0.00391389432485323
11,G.Kittle,TE,NA,NA,NA,NA,NA,NA,0,0,1,0,200.5,15,170.5,0,86,60,765,11,0.168297455968689
12,R.Dwelley,TE,NA,NA,NA,NA,NA,NA,0,0,0,0,19.5,4,18,0,5,3,105,1,0.00978473581213307
13,T.Kroft,TE,NA,NA,NA,NA,NA,NA,0,0,0,0,9.7,4,7.7,0,5,4,57,0,0.00978473581213307
14,C.Woerner,TE,NA,NA,NA,NA,NA,NA,0,0,0,0,0,2,0,0,2,0,0,0,0.00391389432485323
15,B.Aiyuk,WR,NA,NA,NA,NA,NA,NA,23,0,1,0,227.8,17,188.8,2,114,78,1015,8,0.223091976516634
16,D.Samuel,WR,NA,NA,NA,NA,NA,NA,232,3,2,0,168.4,13,140.4,42,94,56,632,2,0.183953033268102
17,J.Jennings,WR,NA,NA,NA,NA,NA,NA,0,0,0,0,82.6,16,65.1,0,56,35,416,1,0.10958904109589
18,R.McCloud,WR,NA,NA,NA,NA,NA,NA,78,1,0,0,58.1,14,51.1,4,25,14,243,1,0.0489236790606654
19,D.Gray,WR,NA,NA,NA,NA,NA,NA,9,0,0,0,2.9,5,2.4,1,7,1,10,0,0.0136986301369863
1,T.Brady,QB,733,490,66.85%,4694,25,9,-1,1,4,2,271.66,17,280.66,NA,NA,NA,NA,NA,NA
2,B.Gabbert,QB,8,6,75.00%,29,1,0,0,0,0,0,5.16,1,5.16,NA,NA,NA,NA,NA,NA
3,K.Trask,QB,9,3,33.33%,23,0,0,0,0,0,0,0.92,1,0.92,NA,NA,NA,NA,NA,NA
4,L.Fournette,RB,NA,NA,NA,NA,NA,NA,668,3,0,0,226.1,16,191.6,189,83,73,523,3,0.110666666666667
5,R.White,RB,NA,NA,NA,NA,NA,NA,481,1,2,0,141.1,16,116.1,129,58,50,290,2,0.0773333333333333
6,K.Vaughn,RB,NA,NA,NA,NA,NA,NA,53,0,0,0,10.2,5,8.7,17,4,3,19,0,0.00533333333333333
7,G.Bernard,RB,NA,NA,NA,NA,NA,NA,28,0,0,0,4.7,2,3.7,8,2,2,-1,0,0.00266666666666667
8,C.Otton,TE,NA,NA,NA,NA,NA,NA,0,0,0,0,93.1,14,72.1,0,65,42,391,2,0.0866666666666667
9,C.Brate,TE,NA,NA,NA,NA,NA,NA,0,0,0,0,37.4,9,27.4,0,38,20,174,0,0.0506666666666667
10,K.Kieft,TE,NA,NA,NA,NA,NA,NA,0,0,0,0,21,8,17.5,0,10,7,80,1,0.0133333333333333
11,K.Rudolph,TE,NA,NA,NA,NA,NA,NA,0,0,0,0,11.8,5,10.3,0,5,3,28,1,0.00666666666666667
12,M.Evans,WR,NA,NA,NA,NA,NA,NA,0,0,0,0,225.4,15,186.9,0,127,77,1124,6,0.169333333333333
13,C.Godwin,WR,NA,NA,NA,NA,NA,NA,5,0,2,1,222.8,15,170.8,3,142,104,1023,3,0.189333333333333
14,R.Gage,WR,NA,NA,NA,NA,NA,NA,0,0,1,1,123.6,13,98.1,0,70,51,426,5,0.0933333333333333
15,J.Jones,WR,NA,NA,NA,NA,NA,NA,45,0,0,0,70.4,10,58.4,5,43,24,299,2,0.0573333333333333
16,S.Miller,WR,NA,NA,NA,NA,NA,NA,8,0,0,0,42.3,11,30.8,1,40,23,185,0,0.0533333333333333
17,B.Perriman,WR,NA,NA,NA,NA,NA,NA,-7,0,1,0,23.3,8,18.8,2,19,9,110,1,0.0253333333333333
18,D.Thompkins,WR,NA,NA,NA,NA,NA,NA,26,0,0,0,10.8,2,8.3,2,10,5,32,0,0.0133333333333333
19,C.Beasley,WR,NA,NA,NA,NA,NA,NA,0,0,0,0,5.7,2,3.7,0,5,4,17,0,0.00666666666666667
20,J.Darden,WR,NA,NA,NA,NA,NA,NA,2,0,0,0,4.8,3,3.8,1,2,2,26,0,0.00266666666666667
1,R.Tannehill,QB,325,212,65.23%,2536,14,6,98,2,2,1,165.24,12,171.24,NA,NA,NA,NA,NA,NA
2,J.Dobbs,QB,68,40,58.82%,411,2,2,44,0,2,0,20.84,2,22.84,NA,NA,NA,NA,NA,NA
3,M.Willis,QB,61,31,50.82%,276,0,3,123,1,2,0,19.34,7,22.34,NA,NA,NA,NA,NA,NA
4,D.Henry,RB,NA,NA,NA,NA,NA,NA,1538,13,3,0,302.76,16,282.1,349,41,33,398,0,0.0903083700440529
5,D.Hilliard,RB,NA,NA,NA,NA,NA,NA,145,0,0,0,77.2,11,66.7,22,26,21,177,4,0.0572687224669604
6,H.Haskins,RB,NA,NA,NA,NA,NA,NA,93,0,0,0,26,7,20.5,25,12,11,57,0,0.026431718061674
7,J.Chestnut,RB,NA,NA,NA,NA,NA,NA,12,0,0,0,8.3,3,6.8,9,3,3,41,0,0.0066079295154185
8,J.Ward,RB,NA,NA,NA,NA,NA,NA,25,0,0,0,5.2,2,4.2,5,3,2,7,0,0.0066079295154185
9,A.Hooper,TE,NA,NA,NA,NA,NA,NA,0,0,0,0,97.4,17,76.9,0,60,41,444,2,0.13215859030837
10,C.Okonkwo,TE,NA,NA,NA,NA,NA,NA,2,0,0,1,97.2,15,81.2,3,46,32,450,3,0.101321585903084
11,G.Swaim,TE,NA,NA,NA,NA,NA,NA,0,0,0,0,23.8,11,17.8,0,16,12,58,1,0.0352422907488987
12,R.Woods,WR,NA,NA,NA,NA,NA,NA,0,0,0,0,117.7,17,91.2,0,91,53,527,2,0.200440528634361
13,T.Burks,WR,NA,NA,NA,NA,NA,NA,47,0,0,0,88.1,11,71.6,4,54,33,444,1,0.118942731277533
14,N.Westbrook-Ikhine,WR,NA,NA,NA,NA,NA,NA,0,0,0,0,82.7,15,70.2,0,50,25,397,3,0.110132158590308
15,K.Philips,WR,NA,NA,NA,NA,NA,NA,0,0,0,0,15.8,4,11.8,0,13,8,78,0,0.0286343612334802
16,C.Conley,WR,NA,NA,NA,NA,NA,NA,0,0,0,0,8.6,3,6.6,0,5,4,46,0,0.0110132158590308
17,C.Hollister,WR,NA,NA,NA,NA,NA,NA,0,0,0,0,8.4,4,6.9,0,5,3,54,0,0.0110132158590308
18,R.McMath,WR,NA,NA,NA,NA,NA,NA,4,0,0,0,6.4,4,5.4,1,8,2,40,0,0.0176211453744493
19,C.Board,WR,NA,NA,NA,NA,NA,NA,0,0,0,0,1.6,1,1.1,0,1,1,6,0,0.00220264317180617
20,M.Kinsey,WR,NA,NA,NA,NA,NA,NA,0,0,0,0,1.3,1,0.8,0,1,1,3,0,0.00220264317180617
21,J.Gordon,WR,NA,NA,NA,NA,NA,NA,0,0,0,0,0,1,0,0,1,0,0,0,0.00220264317180617
1,T.Heinicke,QB,259,161,62.16%,1859,12,6,96,1,5,0,115.96,9,121.96,NA,NA,NA,NA,NA,NA
2,C.Wentz,QB,276,172,62.32%,1755,11,9,86,1,1,2,112.8,8,121.8,NA,NA,NA,NA,NA,NA
3,S.Howell,QB,19,11,57.89%,169,1,1,35,1,0,0,18.26,1,19.26,NA,NA,NA,NA,NA,NA
4,A.Gibson,RB,NA,NA,NA,NA,NA,NA,546,3,0,0,165.9,15,142.9,149,58,46,353,2,0.104693140794224
5,B.Robinson,RB,NA,NA,NA,NA,NA,NA,797,2,0,0,112.7,12,108.2,205,12,9,60,1,0.0216606498194946
6,J.McKissic,RB,NA,NA,NA,NA,NA,NA,95,0,0,1,55.8,8,42.3,22,40,27,173,0,0.072202166064981907
7,J.Williams,RB,NA,NA,NA,NA,NA,NA,152,0,0,0,26.2,7,22.7,37,10,7,40,0,0.0180505415162455
8,J.Patterson,RB,NA,NA,NA,NA,NA,NA,78,0,0,0,7.8,1,7.8,17,1,0,0,0,0.00180505415162455
9,R.Bonnafon,RB,NA,NA,NA,NA,NA,NA,8,0,0,0,0.8,1,0.8,3,0,0,0,0,0
10,L.Thomas,TE,NA,NA,NA,NA,NA,NA,0,0,0,0,77.3,13,57.8,0,61,39,323,1,0.110108303249097
11,J.Bates,TE,NA,NA,NA,NA,NA,NA,0,0,0,0,30.8,9,23.8,0,22,14,108,1,0.0397111913357401
12,A.Rogers,TE,NA,NA,NA,NA,NA,NA,26,0,0,0,14,5,11.5,2,6,5,64,0,0.0108303249097473
13,C.Turner,TE,NA,NA,NA,NA,NA,NA,0,0,0,0,4.3,5,3.3,0,9,2,23,0,0.0162454873646209
14,T.McLaurin,WR,NA,NA,NA,NA,NA,NA,29,0,0,0,229,17,190.5,7,120,77,1191,5,0.216606498194946
15,C.Samuel,WR,NA,NA,NA,NA,NA,NA,187,1,1,0,176.3,17,144.3,38,92,64,656,4,0.166064981949458
16,J.Dotson,WR,NA,NA,NA,NA,NA,NA,-7,0,0,1,130.6,12,113.1,2,61,35,523,7,0.110108303249097
17,D.Brown,WR,NA,NA,NA,NA,NA,NA,15,0,0,0,32.8,7,30.3,1,14,5,143,2,0.0252707581227437
18,C.Sims,WR,NA,NA,NA,NA,NA,NA,0,0,0,0,16.9,12,12.9,0,18,8,89,0,0.0324909747292419
19,D.Milne,WR,NA,NA,NA,NA,NA,NA,0,0,0,0,15.7,7,12.7,0,7,6,37,1,0.0126353790613718
